20171101 ['(1) Solve Ax = B-b', '(2) Solve Ax = B-a', 'Simplex: Pivot Theory-b', 'Convexity-d', 'SVM-a', 'KKT-a', 'Knapsack-d', 'Sequence of Basic Feasible Solutions-a', '(1) Linear Algebra-b', '(2) Linear Algebra-b']
20171122 ['(1) Solve Ax = B-a', '(2) Solve Ax = B-a', 'Simplex: Pivot Theory-c', 'Convexity-d', 'SVM-b', 'KKT-a', 'Knapsack-d', 'Sequence of Basic Feasible Solutions-b', '(1) Linear Algebra-a', '(2) Linear Algebra-a']
20171090 ['(1) Solve Ax = B-a', '(2) Solve Ax = B-a', 'Simplex: Pivot Theory-a', 'Convexity-c', 'SVM-a', 'KKT-a', 'Knapsack-c', 'Sequence of Basic Feasible Solutions-d', '(1) Linear Algebra-c', '(2) Linear Algebra-a']
20171161 ['(1) Solve Ax = B-a', '(2) Solve Ax = B-a', 'Simplex: Pivot Theory-e', 'Convexity-a', 'SVM-b', 'KKT-a', 'Knapsack-a', 'Sequence of Basic Feasible Solutions-a', '(1) Linear Algebra-a', '(2) Linear Algebra-a']
20171166 ['(1) Solve Ax = B-b', '(2) Solve Ax = B-a', 'Simplex: Pivot Theory-e', 'Convexity-a', 'SVM-c', 'KKT-a', 'Knapsack-a', 'Sequence of Basic Feasible Solutions-b', '(1) Linear Algebra-c', '(2) Linear Algebra-c']
2018201006 ['(1) Solve Ax = B-b', '(2) Solve Ax = B-a', 'Simplex: Pivot Theory-b', 'Convexity-c', 'SVM-b', 'KKT-b', 'Knapsack-a', 'Sequence of Basic Feasible Solutions-d', '(1) Linear Algebra-b', '(2) Linear Algebra-a']
2018122005 ['(1) Solve Ax = B-a', '(2) Solve Ax = B-a', 'Simplex: Pivot Theory-d', 'Convexity-a', 'SVM-a', 'KKT-b', 'Knapsack-b', 'Sequence of Basic Feasible Solutions-a', '(1) Linear Algebra-a', '(2) Linear Algebra-a']
2019201085 ['(1) Solve Ax = B-b', '(2) Solve Ax = B-a', 'Simplex: Pivot Theory-e', 'Convexity-b', 'SVM-c', 'KKT-a', 'Knapsack-d', 'Sequence of Basic Feasible Solutions-a', '(1) Linear Algebra-b', '(2) Linear Algebra-c']
2018201030 ['(1) Solve Ax = B-a', '(2) Solve Ax = B-a', 'Simplex: Pivot Theory-c', 'Convexity-b', 'SVM-a', 'KKT-a', 'Knapsack-a', 'Sequence of Basic Feasible Solutions-a', '(1) Linear Algebra-c', '(2) Linear Algebra-c']
20171167 ['(1) Solve Ax = B-b', '(2) Solve Ax = B-a', 'Simplex: Pivot Theory-b', 'Convexity-b', 'SVM-b', 'KKT-b', 'Knapsack-b', 'Sequence of Basic Feasible Solutions-d', '(1) Linear Algebra-b', '(2) Linear Algebra-c']
2018201009 ['(1) Solve Ax = B-a', '(2) Solve Ax = B-a', 'Simplex: Pivot Theory-a', 'Convexity-d', 'SVM-c', 'KKT-a', 'Knapsack-a', 'Sequence of Basic Feasible Solutions-b', '(1) Linear Algebra-c', '(2) Linear Algebra-a']
2018201037 ['(1) Solve Ax = B-a', '(2) Solve Ax = B-a', 'Simplex: Pivot Theory-c', 'Convexity-d', 'SVM-b', 'KKT-b', 'Knapsack-c', 'Sequence of Basic Feasible Solutions-a', '(1) Linear Algebra-b', '(2) Linear Algebra-a']
2018701018 ['(1) Solve Ax = B-a', '(2) Solve Ax = B-a', 'Simplex: Pivot Theory-d', 'Convexity-d', 'SVM-a', 'KKT-a', 'Knapsack-a', 'Sequence of Basic Feasible Solutions-a', '(1) Linear Algebra-b', '(2) Linear Algebra-a']
20171151 ['(1) Solve Ax = B-a', '(2) Solve Ax = B-a', 'Simplex: Pivot Theory-b', 'Convexity-c', 'SVM-a', 'KKT-b', 'Knapsack-a', 'Sequence of Basic Feasible Solutions-d', '(1) Linear Algebra-c', '(2) Linear Algebra-a']
20171130 ['(1) Solve Ax = B-b', '(2) Solve Ax = B-a', 'Simplex: Pivot Theory-d', 'Convexity-b', 'SVM-a', 'KKT-a', 'Knapsack-b', 'Sequence of Basic Feasible Solutions-a', '(1) Linear Algebra-a', '(2) Linear Algebra-b']
20171066 ['(1) Solve Ax = B-a', '(2) Solve Ax = B-a', 'Simplex: Pivot Theory-e', 'Convexity-a', 'SVM-b', 'KKT-a', 'Knapsack-b', 'Sequence of Basic Feasible Solutions-a', '(1) Linear Algebra-c', '(2) Linear Algebra-a']
20171019 ['(1) Solve Ax = B-a', '(2) Solve Ax = B-a', 'Simplex: Pivot Theory-c', 'Convexity-b', 'SVM-b', 'KKT-a', 'Knapsack-d', 'Sequence of Basic Feasible Solutions-b', '(1) Linear Algebra-a', '(2) Linear Algebra-c']
20171183 ['(1) Solve Ax = B-b', '(2) Solve Ax = B-a', 'Simplex: Pivot Theory-d', 'Convexity-b', 'SVM-b', 'KKT-a', 'Knapsack-a', 'Sequence of Basic Feasible Solutions-c', '(1) Linear Algebra-b', '(2) Linear Algebra-a']
20171154 ['(1) Solve Ax = B-a', '(2) Solve Ax = B-a', 'Simplex: Pivot Theory-d', 'Convexity-a', 'SVM-c', 'KKT-a', 'Knapsack-b', 'Sequence of Basic Feasible Solutions-b', '(1) Linear Algebra-a', '(2) Linear Algebra-c']
20171004 ['(1) Solve Ax = B-b', '(2) Solve Ax = B-a', 'Simplex: Pivot Theory-e', 'Convexity-b', 'SVM-b', 'KKT-b', 'Knapsack-c', 'Sequence of Basic Feasible Solutions-c', '(1) Linear Algebra-b', '(2) Linear Algebra-c']
20161179 ['(1) Solve Ax = B-b', '(2) Solve Ax = B-a', 'Simplex: Pivot Theory-a', 'Convexity-c', 'SVM-a', 'KKT-b', 'Knapsack-b', 'Sequence of Basic Feasible Solutions-a', '(1) Linear Algebra-c', '(2) Linear Algebra-c']
2018201052 ['(1) Solve Ax = B-a', '(2) Solve Ax = B-a', 'Simplex: Pivot Theory-c', 'Convexity-c', 'SVM-b', 'KKT-a', 'Knapsack-a', 'Sequence of Basic Feasible Solutions-c', '(1) Linear Algebra-a', '(2) Linear Algebra-b']
20161014 ['(1) Solve Ax = B-a', '(2) Solve Ax = B-a', 'Simplex: Pivot Theory-c', 'Convexity-d', 'SVM-c', 'KKT-a', 'Knapsack-d', 'Sequence of Basic Feasible Solutions-a', '(1) Linear Algebra-a', '(2) Linear Algebra-a']
20171094 ['(1) Solve Ax = B-a', '(2) Solve Ax = B-a', 'Simplex: Pivot Theory-c', 'Convexity-d', 'SVM-b', 'KKT-a', 'Knapsack-a', 'Sequence of Basic Feasible Solutions-a', '(1) Linear Algebra-c', '(2) Linear Algebra-a']
2019201011 ['(1) Solve Ax = B-a', '(2) Solve Ax = B-a', 'Simplex: Pivot Theory-a', 'Convexity-b', 'SVM-c', 'KKT-b', 'Knapsack-b', 'Sequence of Basic Feasible Solutions-b', '(1) Linear Algebra-b', '(2) Linear Algebra-a']
20161008 ['(1) Solve Ax = B-a', '(2) Solve Ax = B-a', 'Simplex: Pivot Theory-e', 'Convexity-c', 'SVM-b', 'KKT-a', 'Knapsack-d', 'Sequence of Basic Feasible Solutions-a', '(1) Linear Algebra-a', '(2) Linear Algebra-b']
2018201096 ['(1) Solve Ax = B-a', '(2) Solve Ax = B-a', 'Simplex: Pivot Theory-a', 'Convexity-d', 'SVM-a', 'KKT-a', 'Knapsack-c', 'Sequence of Basic Feasible Solutions-d', '(1) Linear Algebra-c', '(2) Linear Algebra-b']
20171001 ['(1) Solve Ax = B-b', '(2) Solve Ax = B-a', 'Simplex: Pivot Theory-c', 'Convexity-b', 'SVM-a', 'KKT-a', 'Knapsack-c', 'Sequence of Basic Feasible Solutions-b', '(1) Linear Algebra-a', '(2) Linear Algebra-b']
2019900091 ['(1) Solve Ax = B-b', '(2) Solve Ax = B-a', 'Simplex: Pivot Theory-e', 'Convexity-b', 'SVM-b', 'KKT-b', 'Knapsack-a', 'Sequence of Basic Feasible Solutions-c', '(1) Linear Algebra-b', '(2) Linear Algebra-c']
2018201069 ['(1) Solve Ax = B-b', '(2) Solve Ax = B-a', 'Simplex: Pivot Theory-c', 'Convexity-a', 'SVM-b', 'KKT-b', 'Knapsack-c', 'Sequence of Basic Feasible Solutions-b', '(1) Linear Algebra-b', '(2) Linear Algebra-a']
20171147 ['(1) Solve Ax = B-a', '(2) Solve Ax = B-a', 'Simplex: Pivot Theory-c', 'Convexity-b', 'SVM-b', 'KKT-a', 'Knapsack-a', 'Sequence of Basic Feasible Solutions-a', '(1) Linear Algebra-b', '(2) Linear Algebra-c']
2019801001 ['(1) Solve Ax = B-b', '(2) Solve Ax = B-a', 'Simplex: Pivot Theory-e', 'Convexity-b', 'SVM-b', 'KKT-a', 'Knapsack-a', 'Sequence of Basic Feasible Solutions-d', '(1) Linear Algebra-a', '(2) Linear Algebra-c']
2018201086 ['(1) Solve Ax = B-a', '(2) Solve Ax = B-a', 'Simplex: Pivot Theory-c', 'Convexity-b', 'SVM-c', 'KKT-a', 'Knapsack-a', 'Sequence of Basic Feasible Solutions-d', '(1) Linear Algebra-b', '(2) Linear Algebra-a']
2018201036 ['(1) Solve Ax = B-b', '(2) Solve Ax = B-a', 'Simplex: Pivot Theory-a', 'Convexity-c', 'SVM-b', 'KKT-a', 'Knapsack-c', 'Sequence of Basic Feasible Solutions-d', '(1) Linear Algebra-c', '(2) Linear Algebra-b']
20171120 ['(1) Solve Ax = B-a', '(2) Solve Ax = B-a', 'Simplex: Pivot Theory-d', 'Convexity-b', 'SVM-c', 'KKT-a', 'Knapsack-d', 'Sequence of Basic Feasible Solutions-c', '(1) Linear Algebra-a', '(2) Linear Algebra-a']
20171039 ['(1) Solve Ax = B-a', '(2) Solve Ax = B-a', 'Simplex: Pivot Theory-a', 'Convexity-a', 'SVM-b', 'KKT-a', 'Knapsack-d', 'Sequence of Basic Feasible Solutions-c', '(1) Linear Algebra-a', '(2) Linear Algebra-c']
20161130 ['(1) Solve Ax = B-b', '(2) Solve Ax = B-a', 'Simplex: Pivot Theory-e', 'Convexity-d', 'SVM-c', 'KKT-b', 'Knapsack-a', 'Sequence of Basic Feasible Solutions-d', '(1) Linear Algebra-a', '(2) Linear Algebra-b']
2019201074 ['(1) Solve Ax = B-a', '(2) Solve Ax = B-a', 'Simplex: Pivot Theory-e', 'Convexity-b', 'SVM-b', 'KKT-a', 'Knapsack-d', 'Sequence of Basic Feasible Solutions-b', '(1) Linear Algebra-a', '(2) Linear Algebra-a']
20171061 ['(1) Solve Ax = B-a', '(2) Solve Ax = B-a', 'Simplex: Pivot Theory-c', 'Convexity-d', 'SVM-c', 'KKT-b', 'Knapsack-a', 'Sequence of Basic Feasible Solutions-b', '(1) Linear Algebra-c', '(2) Linear Algebra-c']
2018201054 ['(1) Solve Ax = B-a', '(2) Solve Ax = B-a', 'Simplex: Pivot Theory-e', 'Convexity-d', 'SVM-c', 'KKT-b', 'Knapsack-b', 'Sequence of Basic Feasible Solutions-b', '(1) Linear Algebra-a', '(2) Linear Algebra-a']
2018201074 ['(1) Solve Ax = B-b', '(2) Solve Ax = B-a', 'Simplex: Pivot Theory-b', 'Convexity-c', 'SVM-c', 'KKT-a', 'Knapsack-c', 'Sequence of Basic Feasible Solutions-b', '(1) Linear Algebra-b', '(2) Linear Algebra-c']
2018202010 ['(1) Solve Ax = B-b', '(2) Solve Ax = B-a', 'Simplex: Pivot Theory-c', 'Convexity-c', 'SVM-a', 'KKT-a', 'Knapsack-b', 'Sequence of Basic Feasible Solutions-d', '(1) Linear Algebra-b', '(2) Linear Algebra-c']
2018121002 ['(1) Solve Ax = B-b', '(2) Solve Ax = B-a', 'Simplex: Pivot Theory-e', 'Convexity-d', 'SVM-b', 'KKT-b', 'Knapsack-b', 'Sequence of Basic Feasible Solutions-a', '(1) Linear Algebra-a', '(2) Linear Algebra-c']
2018201024 ['(1) Solve Ax = B-b', '(2) Solve Ax = B-a', 'Simplex: Pivot Theory-a', 'Convexity-c', 'SVM-c', 'KKT-b', 'Knapsack-d', 'Sequence of Basic Feasible Solutions-c', '(1) Linear Algebra-c', '(2) Linear Algebra-b']
20171116 ['(1) Solve Ax = B-a', '(2) Solve Ax = B-a', 'Simplex: Pivot Theory-a', 'Convexity-a', 'SVM-c', 'KKT-a', 'Knapsack-b', 'Sequence of Basic Feasible Solutions-b', '(1) Linear Algebra-a', '(2) Linear Algebra-c']
2019701010 ['(1) Solve Ax = B-a', '(2) Solve Ax = B-a', 'Simplex: Pivot Theory-c', 'Convexity-d', 'SVM-b', 'KKT-a', 'Knapsack-b', 'Sequence of Basic Feasible Solutions-a', '(1) Linear Algebra-c', '(2) Linear Algebra-c']
2019201036 ['(1) Solve Ax = B-b', '(2) Solve Ax = B-a', 'Simplex: Pivot Theory-d', 'Convexity-d', 'SVM-c', 'KKT-b', 'Knapsack-a', 'Sequence of Basic Feasible Solutions-d', '(1) Linear Algebra-a', '(2) Linear Algebra-a']
20171192 ['(1) Solve Ax = B-a', '(2) Solve Ax = B-a', 'Simplex: Pivot Theory-b', 'Convexity-a', 'SVM-c', 'KKT-b', 'Knapsack-a', 'Sequence of Basic Feasible Solutions-b', '(1) Linear Algebra-a', '(2) Linear Algebra-a']
20171121 ['(1) Solve Ax = B-a', '(2) Solve Ax = B-a', 'Simplex: Pivot Theory-b', 'Convexity-d', 'SVM-b', 'KKT-b', 'Knapsack-a', 'Sequence of Basic Feasible Solutions-c', '(1) Linear Algebra-a', '(2) Linear Algebra-b']
20161216 ['(1) Solve Ax = B-a', '(2) Solve Ax = B-a', 'Simplex: Pivot Theory-d', 'Convexity-b', 'SVM-a', 'KKT-a', 'Knapsack-a', 'Sequence of Basic Feasible Solutions-d', '(1) Linear Algebra-c', '(2) Linear Algebra-b']
20171129 ['(1) Solve Ax = B-b', '(2) Solve Ax = B-a', 'Simplex: Pivot Theory-b', 'Convexity-c', 'SVM-c', 'KKT-b', 'Knapsack-a', 'Sequence of Basic Feasible Solutions-c', '(1) Linear Algebra-b', '(2) Linear Algebra-a']
20171143 ['(1) Solve Ax = B-a', '(2) Solve Ax = B-a', 'Simplex: Pivot Theory-d', 'Convexity-a', 'SVM-a', 'KKT-a', 'Knapsack-d', 'Sequence of Basic Feasible Solutions-c', '(1) Linear Algebra-a', '(2) Linear Algebra-a']
2018201010 ['(1) Solve Ax = B-b', '(2) Solve Ax = B-a', 'Simplex: Pivot Theory-c', 'Convexity-b', 'SVM-c', 'KKT-b', 'Knapsack-a', 'Sequence of Basic Feasible Solutions-c', '(1) Linear Algebra-b', '(2) Linear Algebra-b']
20171065 ['(1) Solve Ax = B-a', '(2) Solve Ax = B-a', 'Simplex: Pivot Theory-b', 'Convexity-a', 'SVM-b', 'KKT-a', 'Knapsack-d', 'Sequence of Basic Feasible Solutions-b', '(1) Linear Algebra-a', '(2) Linear Algebra-a']
2018201011 ['(1) Solve Ax = B-a', '(2) Solve Ax = B-a', 'Simplex: Pivot Theory-b', 'Convexity-b', 'SVM-a', 'KKT-a', 'Knapsack-a', 'Sequence of Basic Feasible Solutions-c', '(1) Linear Algebra-a', '(2) Linear Algebra-b']
2019201099 ['(1) Solve Ax = B-a', '(2) Solve Ax = B-a', 'Simplex: Pivot Theory-e', 'Convexity-b', 'SVM-a', 'KKT-b', 'Knapsack-c', 'Sequence of Basic Feasible Solutions-b', '(1) Linear Algebra-b', '(2) Linear Algebra-a']
2018201058 ['(1) Solve Ax = B-a', '(2) Solve Ax = B-a', 'Simplex: Pivot Theory-c', 'Convexity-c', 'SVM-c', 'KKT-a', 'Knapsack-d', 'Sequence of Basic Feasible Solutions-d', '(1) Linear Algebra-a', '(2) Linear Algebra-a']
20171075 ['(1) Solve Ax = B-a', '(2) Solve Ax = B-a', 'Simplex: Pivot Theory-e', 'Convexity-c', 'SVM-c', 'KKT-a', 'Knapsack-d', 'Sequence of Basic Feasible Solutions-b', '(1) Linear Algebra-b', '(2) Linear Algebra-a']
2018201066 ['(1) Solve Ax = B-b', '(2) Solve Ax = B-a', 'Simplex: Pivot Theory-b', 'Convexity-a', 'SVM-b', 'KKT-a', 'Knapsack-b', 'Sequence of Basic Feasible Solutions-b', '(1) Linear Algebra-c', '(2) Linear Algebra-c']
20161154 ['(1) Solve Ax = B-b', '(2) Solve Ax = B-a', 'Simplex: Pivot Theory-b', 'Convexity-a', 'SVM-c', 'KKT-b', 'Knapsack-c', 'Sequence of Basic Feasible Solutions-c', '(1) Linear Algebra-a', '(2) Linear Algebra-a']
2019900018 ['(1) Solve Ax = B-a', '(2) Solve Ax = B-a', 'Simplex: Pivot Theory-b', 'Convexity-a', 'SVM-c', 'KKT-b', 'Knapsack-c', 'Sequence of Basic Feasible Solutions-b', '(1) Linear Algebra-a', '(2) Linear Algebra-b']
20161042 ['(1) Solve Ax = B-a', '(2) Solve Ax = B-a', 'Simplex: Pivot Theory-d', 'Convexity-b', 'SVM-a', 'KKT-b', 'Knapsack-c', 'Sequence of Basic Feasible Solutions-b', '(1) Linear Algebra-b', '(2) Linear Algebra-c']
20171087 ['(1) Solve Ax = B-b', '(2) Solve Ax = B-a', 'Simplex: Pivot Theory-e', 'Convexity-d', 'SVM-a', 'KKT-b', 'Knapsack-a', 'Sequence of Basic Feasible Solutions-b', '(1) Linear Algebra-c', '(2) Linear Algebra-b']
20171082 ['(1) Solve Ax = B-a', '(2) Solve Ax = B-a', 'Simplex: Pivot Theory-d', 'Convexity-b', 'SVM-c', 'KKT-a', 'Knapsack-d', 'Sequence of Basic Feasible Solutions-c', '(1) Linear Algebra-b', '(2) Linear Algebra-c']
20171178 ['(1) Solve Ax = B-b', '(2) Solve Ax = B-a', 'Simplex: Pivot Theory-d', 'Convexity-a', 'SVM-b', 'KKT-a', 'Knapsack-d', 'Sequence of Basic Feasible Solutions-b', '(1) Linear Algebra-c', '(2) Linear Algebra-b']
2019900004 ['(1) Solve Ax = B-b', '(2) Solve Ax = B-a', 'Simplex: Pivot Theory-b', 'Convexity-b', 'SVM-a', 'KKT-a', 'Knapsack-c', 'Sequence of Basic Feasible Solutions-a', '(1) Linear Algebra-b', '(2) Linear Algebra-b']
2018201064 ['(1) Solve Ax = B-b', '(2) Solve Ax = B-a', 'Simplex: Pivot Theory-e', 'Convexity-c', 'SVM-c', 'KKT-a', 'Knapsack-b', 'Sequence of Basic Feasible Solutions-c', '(1) Linear Algebra-b', '(2) Linear Algebra-a']
20171144 ['(1) Solve Ax = B-a', '(2) Solve Ax = B-a', 'Simplex: Pivot Theory-c', 'Convexity-c', 'SVM-c', 'KKT-a', 'Knapsack-d', 'Sequence of Basic Feasible Solutions-d', '(1) Linear Algebra-a', '(2) Linear Algebra-c']
20171106 ['(1) Solve Ax = B-a', '(2) Solve Ax = B-a', 'Simplex: Pivot Theory-e', 'Convexity-a', 'SVM-c', 'KKT-b', 'Knapsack-b', 'Sequence of Basic Feasible Solutions-b', '(1) Linear Algebra-a', '(2) Linear Algebra-c']
20171005 ['(1) Solve Ax = B-a', '(2) Solve Ax = B-a', 'Simplex: Pivot Theory-a', 'Convexity-b', 'SVM-a', 'KKT-b', 'Knapsack-c', 'Sequence of Basic Feasible Solutions-c', '(1) Linear Algebra-c', '(2) Linear Algebra-c']
20171035 ['(1) Solve Ax = B-b', '(2) Solve Ax = B-a', 'Simplex: Pivot Theory-e', 'Convexity-b', 'SVM-a', 'KKT-b', 'Knapsack-a', 'Sequence of Basic Feasible Solutions-a', '(1) Linear Algebra-c', '(2) Linear Algebra-b']
20171047 ['(1) Solve Ax = B-a', '(2) Solve Ax = B-a', 'Simplex: Pivot Theory-e', 'Convexity-b', 'SVM-c', 'KKT-b', 'Knapsack-a', 'Sequence of Basic Feasible Solutions-a', '(1) Linear Algebra-a', '(2) Linear Algebra-c']
20171188 ['(1) Solve Ax = B-a', '(2) Solve Ax = B-a', 'Simplex: Pivot Theory-c', 'Convexity-b', 'SVM-c', 'KKT-a', 'Knapsack-b', 'Sequence of Basic Feasible Solutions-c', '(1) Linear Algebra-a', '(2) Linear Algebra-a']
20171102 ['(1) Solve Ax = B-a', '(2) Solve Ax = B-a', 'Simplex: Pivot Theory-d', 'Convexity-c', 'SVM-c', 'KKT-a', 'Knapsack-b', 'Sequence of Basic Feasible Solutions-d', '(1) Linear Algebra-b', '(2) Linear Algebra-b']
20171108 ['(1) Solve Ax = B-a', '(2) Solve Ax = B-a', 'Simplex: Pivot Theory-c', 'Convexity-d', 'SVM-b', 'KKT-a', 'Knapsack-d', 'Sequence of Basic Feasible Solutions-a', '(1) Linear Algebra-c', '(2) Linear Algebra-c']
20171148 ['(1) Solve Ax = B-a', '(2) Solve Ax = B-a', 'Simplex: Pivot Theory-b', 'Convexity-a', 'SVM-a', 'KKT-b', 'Knapsack-d', 'Sequence of Basic Feasible Solutions-c', '(1) Linear Algebra-a', '(2) Linear Algebra-b']
201501016 ['(1) Solve Ax = B-a', '(2) Solve Ax = B-a', 'Simplex: Pivot Theory-d', 'Convexity-a', 'SVM-a', 'KKT-a', 'Knapsack-a', 'Sequence of Basic Feasible Solutions-c', '(1) Linear Algebra-c', '(2) Linear Algebra-c']
2019201064 ['(1) Solve Ax = B-b', '(2) Solve Ax = B-a', 'Simplex: Pivot Theory-d', 'Convexity-c', 'SVM-b', 'KKT-b', 'Knapsack-b', 'Sequence of Basic Feasible Solutions-c', '(1) Linear Algebra-b', '(2) Linear Algebra-b']
20171058 ['(1) Solve Ax = B-a', '(2) Solve Ax = B-a', 'Simplex: Pivot Theory-c', 'Convexity-d', 'SVM-a', 'KKT-b', 'Knapsack-c', 'Sequence of Basic Feasible Solutions-d', '(1) Linear Algebra-c', '(2) Linear Algebra-c']
20171041 ['(1) Solve Ax = B-a', '(2) Solve Ax = B-a', 'Simplex: Pivot Theory-e', 'Convexity-b', 'SVM-b', 'KKT-a', 'Knapsack-c', 'Sequence of Basic Feasible Solutions-c', '(1) Linear Algebra-a', '(2) Linear Algebra-b']
2019201079 ['(1) Solve Ax = B-a', '(2) Solve Ax = B-a', 'Simplex: Pivot Theory-a', 'Convexity-b', 'SVM-c', 'KKT-a', 'Knapsack-a', 'Sequence of Basic Feasible Solutions-b', '(1) Linear Algebra-b', '(2) Linear Algebra-a']
20161096 ['(1) Solve Ax = B-b', '(2) Solve Ax = B-a', 'Simplex: Pivot Theory-d', 'Convexity-b', 'SVM-c', 'KKT-b', 'Knapsack-c', 'Sequence of Basic Feasible Solutions-d', '(1) Linear Algebra-a', '(2) Linear Algebra-c']
2019900078 ['(1) Solve Ax = B-b', '(2) Solve Ax = B-a', 'Simplex: Pivot Theory-d', 'Convexity-a', 'SVM-a', 'KKT-b', 'Knapsack-c', 'Sequence of Basic Feasible Solutions-b', '(1) Linear Algebra-c', '(2) Linear Algebra-c']
2018201048 ['(1) Solve Ax = B-b', '(2) Solve Ax = B-a', 'Simplex: Pivot Theory-b', 'Convexity-d', 'SVM-c', 'KKT-a', 'Knapsack-b', 'Sequence of Basic Feasible Solutions-b', '(1) Linear Algebra-a', '(2) Linear Algebra-c']
2019701003 ['(1) Solve Ax = B-a', '(2) Solve Ax = B-a', 'Simplex: Pivot Theory-b', 'Convexity-b', 'SVM-c', 'KKT-a', 'Knapsack-c', 'Sequence of Basic Feasible Solutions-a', '(1) Linear Algebra-b', '(2) Linear Algebra-a']
20171100 ['(1) Solve Ax = B-a', '(2) Solve Ax = B-a', 'Simplex: Pivot Theory-d', 'Convexity-c', 'SVM-b', 'KKT-b', 'Knapsack-d', 'Sequence of Basic Feasible Solutions-d', '(1) Linear Algebra-b', '(2) Linear Algebra-a']
20171018 ['(1) Solve Ax = B-a', '(2) Solve Ax = B-a', 'Simplex: Pivot Theory-c', 'Convexity-c', 'SVM-a', 'KKT-b', 'Knapsack-b', 'Sequence of Basic Feasible Solutions-a', '(1) Linear Algebra-b', '(2) Linear Algebra-b']
20171187 ['(1) Solve Ax = B-b', '(2) Solve Ax = B-a', 'Simplex: Pivot Theory-c', 'Convexity-c', 'SVM-c', 'KKT-b', 'Knapsack-c', 'Sequence of Basic Feasible Solutions-c', '(1) Linear Algebra-a', '(2) Linear Algebra-b']
20161174 ['(1) Solve Ax = B-b', '(2) Solve Ax = B-a', 'Simplex: Pivot Theory-c', 'Convexity-a', 'SVM-c', 'KKT-b', 'Knapsack-b', 'Sequence of Basic Feasible Solutions-a', '(1) Linear Algebra-b', '(2) Linear Algebra-c']
20171014 ['(1) Solve Ax = B-b', '(2) Solve Ax = B-a', 'Simplex: Pivot Theory-a', 'Convexity-b', 'SVM-c', 'KKT-b', 'Knapsack-c', 'Sequence of Basic Feasible Solutions-d', '(1) Linear Algebra-c', '(2) Linear Algebra-c']
2018201041 ['(1) Solve Ax = B-a', '(2) Solve Ax = B-a', 'Simplex: Pivot Theory-b', 'Convexity-a', 'SVM-a', 'KKT-b', 'Knapsack-b', 'Sequence of Basic Feasible Solutions-b', '(1) Linear Algebra-b', '(2) Linear Algebra-b']
20171021 ['(1) Solve Ax = B-b', '(2) Solve Ax = B-a', 'Simplex: Pivot Theory-a', 'Convexity-c', 'SVM-a', 'KKT-a', 'Knapsack-b', 'Sequence of Basic Feasible Solutions-b', '(1) Linear Algebra-b', '(2) Linear Algebra-c']
2018201065 ['(1) Solve Ax = B-a', '(2) Solve Ax = B-a', 'Simplex: Pivot Theory-a', 'Convexity-d', 'SVM-a', 'KKT-b', 'Knapsack-b', 'Sequence of Basic Feasible Solutions-a', '(1) Linear Algebra-c', '(2) Linear Algebra-a']
20171194 ['(1) Solve Ax = B-b', '(2) Solve Ax = B-a', 'Simplex: Pivot Theory-e', 'Convexity-b', 'SVM-b', 'KKT-a', 'Knapsack-a', 'Sequence of Basic Feasible Solutions-a', '(1) Linear Algebra-b', '(2) Linear Algebra-a']
20171186 ['(1) Solve Ax = B-a', '(2) Solve Ax = B-a', 'Simplex: Pivot Theory-c', 'Convexity-c', 'SVM-b', 'KKT-a', 'Knapsack-b', 'Sequence of Basic Feasible Solutions-a', '(1) Linear Algebra-a', '(2) Linear Algebra-c']
2018202001 ['(1) Solve Ax = B-a', '(2) Solve Ax = B-a', 'Simplex: Pivot Theory-e', 'Convexity-b', 'SVM-a', 'KKT-b', 'Knapsack-a', 'Sequence of Basic Feasible Solutions-a', '(1) Linear Algebra-b', '(2) Linear Algebra-c']
2018201013 ['(1) Solve Ax = B-b', '(2) Solve Ax = B-a', 'Simplex: Pivot Theory-a', 'Convexity-b', 'SVM-b', 'KKT-a', 'Knapsack-b', 'Sequence of Basic Feasible Solutions-d', '(1) Linear Algebra-c', '(2) Linear Algebra-a']
2018201097 ['(1) Solve Ax = B-a', '(2) Solve Ax = B-a', 'Simplex: Pivot Theory-a', 'Convexity-b', 'SVM-c', 'KKT-a', 'Knapsack-b', 'Sequence of Basic Feasible Solutions-c', '(1) Linear Algebra-a', '(2) Linear Algebra-b']
2018900069 ['(1) Solve Ax = B-a', '(2) Solve Ax = B-a', 'Simplex: Pivot Theory-b', 'Convexity-b', 'SVM-b', 'KKT-b', 'Knapsack-b', 'Sequence of Basic Feasible Solutions-a', '(1) Linear Algebra-c', '(2) Linear Algebra-b']
2018201055 ['(1) Solve Ax = B-a', '(2) Solve Ax = B-a', 'Simplex: Pivot Theory-d', 'Convexity-b', 'SVM-c', 'KKT-b', 'Knapsack-c', 'Sequence of Basic Feasible Solutions-b', '(1) Linear Algebra-c', '(2) Linear Algebra-b']
2019702012 ['(1) Solve Ax = B-a', '(2) Solve Ax = B-a', 'Simplex: Pivot Theory-a', 'Convexity-a', 'SVM-a', 'KKT-b', 'Knapsack-a', 'Sequence of Basic Feasible Solutions-c', '(1) Linear Algebra-c', '(2) Linear Algebra-b']
2019900074 ['(1) Solve Ax = B-b', '(2) Solve Ax = B-a', 'Simplex: Pivot Theory-b', 'Convexity-d', 'SVM-b', 'KKT-a', 'Knapsack-b', 'Sequence of Basic Feasible Solutions-a', '(1) Linear Algebra-a', '(2) Linear Algebra-b']
2018121005 ['(1) Solve Ax = B-a', '(2) Solve Ax = B-a', 'Simplex: Pivot Theory-b', 'Convexity-b', 'SVM-b', 'KKT-b', 'Knapsack-b', 'Sequence of Basic Feasible Solutions-d', '(1) Linear Algebra-c', '(2) Linear Algebra-a']
20161066 ['(1) Solve Ax = B-a', '(2) Solve Ax = B-a', 'Simplex: Pivot Theory-b', 'Convexity-a', 'SVM-c', 'KKT-a', 'Knapsack-b', 'Sequence of Basic Feasible Solutions-b', '(1) Linear Algebra-c', '(2) Linear Algebra-c']
20171040 ['(1) Solve Ax = B-a', '(2) Solve Ax = B-a', 'Simplex: Pivot Theory-e', 'Convexity-c', 'SVM-c', 'KKT-a', 'Knapsack-b', 'Sequence of Basic Feasible Solutions-b', '(1) Linear Algebra-b', '(2) Linear Algebra-c']
20161086 ['(1) Solve Ax = B-b', '(2) Solve Ax = B-a', 'Simplex: Pivot Theory-a', 'Convexity-a', 'SVM-c', 'KKT-b', 'Knapsack-b', 'Sequence of Basic Feasible Solutions-a', '(1) Linear Algebra-c', '(2) Linear Algebra-b']
2018801010 ['(1) Solve Ax = B-a', '(2) Solve Ax = B-a', 'Simplex: Pivot Theory-d', 'Convexity-c', 'SVM-a', 'KKT-b', 'Knapsack-d', 'Sequence of Basic Feasible Solutions-a', '(1) Linear Algebra-c', '(2) Linear Algebra-c']
20161159 ['(1) Solve Ax = B-a', '(2) Solve Ax = B-a', 'Simplex: Pivot Theory-b', 'Convexity-d', 'SVM-b', 'KKT-a', 'Knapsack-b', 'Sequence of Basic Feasible Solutions-c', '(1) Linear Algebra-b', '(2) Linear Algebra-b']
20171016 ['(1) Solve Ax = B-a', '(2) Solve Ax = B-a', 'Simplex: Pivot Theory-b', 'Convexity-b', 'SVM-b', 'KKT-a', 'Knapsack-c', 'Sequence of Basic Feasible Solutions-b', '(1) Linear Algebra-c', '(2) Linear Algebra-a']
2018201067 ['(1) Solve Ax = B-a', '(2) Solve Ax = B-a', 'Simplex: Pivot Theory-e', 'Convexity-b', 'SVM-b', 'KKT-b', 'Knapsack-b', 'Sequence of Basic Feasible Solutions-a', '(1) Linear Algebra-b', '(2) Linear Algebra-b']
20171158 ['(1) Solve Ax = B-b', '(2) Solve Ax = B-a', 'Simplex: Pivot Theory-c', 'Convexity-d', 'SVM-c', 'KKT-b', 'Knapsack-c', 'Sequence of Basic Feasible Solutions-b', '(1) Linear Algebra-a', '(2) Linear Algebra-a']
20161071 ['(1) Solve Ax = B-b', '(2) Solve Ax = B-a', 'Simplex: Pivot Theory-b', 'Convexity-a', 'SVM-a', 'KKT-b', 'Knapsack-c', 'Sequence of Basic Feasible Solutions-d', '(1) Linear Algebra-a', '(2) Linear Algebra-b']
2018201057 ['(1) Solve Ax = B-a', '(2) Solve Ax = B-a', 'Simplex: Pivot Theory-c', 'Convexity-d', 'SVM-c', 'KKT-a', 'Knapsack-a', 'Sequence of Basic Feasible Solutions-c', '(1) Linear Algebra-a', '(2) Linear Algebra-b']
20171037 ['(1) Solve Ax = B-a', '(2) Solve Ax = B-a', 'Simplex: Pivot Theory-a', 'Convexity-d', 'SVM-c', 'KKT-a', 'Knapsack-a', 'Sequence of Basic Feasible Solutions-c', '(1) Linear Algebra-b', '(2) Linear Algebra-b']
2018201002 ['(1) Solve Ax = B-b', '(2) Solve Ax = B-a', 'Simplex: Pivot Theory-b', 'Convexity-c', 'SVM-c', 'KKT-a', 'Knapsack-b', 'Sequence of Basic Feasible Solutions-c', '(1) Linear Algebra-a', '(2) Linear Algebra-a']
20161023 ['(1) Solve Ax = B-b', '(2) Solve Ax = B-a', 'Simplex: Pivot Theory-b', 'Convexity-c', 'SVM-c', 'KKT-b', 'Knapsack-a', 'Sequence of Basic Feasible Solutions-b', '(1) Linear Algebra-a', '(2) Linear Algebra-c']
2019201050 ['(1) Solve Ax = B-b', '(2) Solve Ax = B-a', 'Simplex: Pivot Theory-d', 'Convexity-b', 'SVM-c', 'KKT-b', 'Knapsack-b', 'Sequence of Basic Feasible Solutions-c', '(1) Linear Algebra-a', '(2) Linear Algebra-b']
20171086 ['(1) Solve Ax = B-b', '(2) Solve Ax = B-a', 'Simplex: Pivot Theory-a', 'Convexity-a', 'SVM-a', 'KKT-b', 'Knapsack-d', 'Sequence of Basic Feasible Solutions-c', '(1) Linear Algebra-c', '(2) Linear Algebra-c']
2018201051 ['(1) Solve Ax = B-a', '(2) Solve Ax = B-a', 'Simplex: Pivot Theory-c', 'Convexity-c', 'SVM-b', 'KKT-a', 'Knapsack-d', 'Sequence of Basic Feasible Solutions-b', '(1) Linear Algebra-c', '(2) Linear Algebra-b']
20171060 ['(1) Solve Ax = B-a', '(2) Solve Ax = B-a', 'Simplex: Pivot Theory-a', 'Convexity-b', 'SVM-b', 'KKT-b', 'Knapsack-c', 'Sequence of Basic Feasible Solutions-b', '(1) Linear Algebra-c', '(2) Linear Algebra-c']
2019201039 ['(1) Solve Ax = B-b', '(2) Solve Ax = B-a', 'Simplex: Pivot Theory-a', 'Convexity-b', 'SVM-b', 'KKT-b', 'Knapsack-d', 'Sequence of Basic Feasible Solutions-b', '(1) Linear Algebra-b', '(2) Linear Algebra-c']
20171168 ['(1) Solve Ax = B-b', '(2) Solve Ax = B-a', 'Simplex: Pivot Theory-a', 'Convexity-a', 'SVM-b', 'KKT-b', 'Knapsack-c', 'Sequence of Basic Feasible Solutions-b', '(1) Linear Algebra-a', '(2) Linear Algebra-a']
2019701028 ['(1) Solve Ax = B-a', '(2) Solve Ax = B-a', 'Simplex: Pivot Theory-d', 'Convexity-d', 'SVM-c', 'KKT-a', 'Knapsack-c', 'Sequence of Basic Feasible Solutions-d', '(1) Linear Algebra-a', '(2) Linear Algebra-a']
2019701004 ['(1) Solve Ax = B-a', '(2) Solve Ax = B-a', 'Simplex: Pivot Theory-c', 'Convexity-d', 'SVM-a', 'KKT-a', 'Knapsack-a', 'Sequence of Basic Feasible Solutions-a', '(1) Linear Algebra-a', '(2) Linear Algebra-a']
2018122002 ['(1) Solve Ax = B-a', '(2) Solve Ax = B-a', 'Simplex: Pivot Theory-e', 'Convexity-b', 'SVM-c', 'KKT-b', 'Knapsack-b', 'Sequence of Basic Feasible Solutions-b', '(1) Linear Algebra-c', '(2) Linear Algebra-c']
2018201092 ['(1) Solve Ax = B-a', '(2) Solve Ax = B-a', 'Simplex: Pivot Theory-d', 'Convexity-b', 'SVM-b', 'KKT-a', 'Knapsack-a', 'Sequence of Basic Feasible Solutions-c', '(1) Linear Algebra-b', '(2) Linear Algebra-c']
20161084 ['(1) Solve Ax = B-a', '(2) Solve Ax = B-a', 'Simplex: Pivot Theory-b', 'Convexity-a', 'SVM-c', 'KKT-b', 'Knapsack-c', 'Sequence of Basic Feasible Solutions-a', '(1) Linear Algebra-a', '(2) Linear Algebra-c']
20171020 ['(1) Solve Ax = B-a', '(2) Solve Ax = B-a', 'Simplex: Pivot Theory-d', 'Convexity-d', 'SVM-b', 'KKT-a', 'Knapsack-d', 'Sequence of Basic Feasible Solutions-a', '(1) Linear Algebra-a', '(2) Linear Algebra-b']
20171212 ['(1) Solve Ax = B-b', '(2) Solve Ax = B-a', 'Simplex: Pivot Theory-b', 'Convexity-b', 'SVM-b', 'KKT-a', 'Knapsack-a', 'Sequence of Basic Feasible Solutions-b', '(1) Linear Algebra-b', '(2) Linear Algebra-b']
20171033 ['(1) Solve Ax = B-b', '(2) Solve Ax = B-a', 'Simplex: Pivot Theory-e', 'Convexity-b', 'SVM-c', 'KKT-a', 'Knapsack-b', 'Sequence of Basic Feasible Solutions-d', '(1) Linear Algebra-a', '(2) Linear Algebra-a']
2019701023 ['(1) Solve Ax = B-a', '(2) Solve Ax = B-a', 'Simplex: Pivot Theory-c', 'Convexity-c', 'SVM-a', 'KKT-a', 'Knapsack-b', 'Sequence of Basic Feasible Solutions-d', '(1) Linear Algebra-b', '(2) Linear Algebra-c']
20161044 ['(1) Solve Ax = B-a', '(2) Solve Ax = B-a', 'Simplex: Pivot Theory-d', 'Convexity-c', 'SVM-c', 'KKT-a', 'Knapsack-d', 'Sequence of Basic Feasible Solutions-d', '(1) Linear Algebra-a', '(2) Linear Algebra-a']
2019201018 ['(1) Solve Ax = B-b', '(2) Solve Ax = B-a', 'Simplex: Pivot Theory-c', 'Convexity-c', 'SVM-b', 'KKT-a', 'Knapsack-c', 'Sequence of Basic Feasible Solutions-c', '(1) Linear Algebra-a', '(2) Linear Algebra-a']
2019201063 ['(1) Solve Ax = B-a', '(2) Solve Ax = B-a', 'Simplex: Pivot Theory-a', 'Convexity-d', 'SVM-b', 'KKT-a', 'Knapsack-a', 'Sequence of Basic Feasible Solutions-a', '(1) Linear Algebra-a', '(2) Linear Algebra-c']
2018201087 ['(1) Solve Ax = B-a', '(2) Solve Ax = B-a', 'Simplex: Pivot Theory-b', 'Convexity-c', 'SVM-b', 'KKT-b', 'Knapsack-b', 'Sequence of Basic Feasible Solutions-d', '(1) Linear Algebra-a', '(2) Linear Algebra-b']
2019201065 ['(1) Solve Ax = B-b', '(2) Solve Ax = B-a', 'Simplex: Pivot Theory-c', 'Convexity-c', 'SVM-b', 'KKT-a', 'Knapsack-c', 'Sequence of Basic Feasible Solutions-d', '(1) Linear Algebra-a', '(2) Linear Algebra-b']
20171138 ['(1) Solve Ax = B-a', '(2) Solve Ax = B-a', 'Simplex: Pivot Theory-e', 'Convexity-b', 'SVM-a', 'KKT-a', 'Knapsack-a', 'Sequence of Basic Feasible Solutions-a', '(1) Linear Algebra-a', '(2) Linear Algebra-a']
20171030 ['(1) Solve Ax = B-a', '(2) Solve Ax = B-a', 'Simplex: Pivot Theory-b', 'Convexity-c', 'SVM-a', 'KKT-b', 'Knapsack-b', 'Sequence of Basic Feasible Solutions-d', '(1) Linear Algebra-a', '(2) Linear Algebra-b']
20171162 ['(1) Solve Ax = B-a', '(2) Solve Ax = B-a', 'Simplex: Pivot Theory-b', 'Convexity-b', 'SVM-a', 'KKT-b', 'Knapsack-b', 'Sequence of Basic Feasible Solutions-c', '(1) Linear Algebra-c', '(2) Linear Algebra-a']
20171028 ['(1) Solve Ax = B-b', '(2) Solve Ax = B-a', 'Simplex: Pivot Theory-e', 'Convexity-b', 'SVM-a', 'KKT-b', 'Knapsack-c', 'Sequence of Basic Feasible Solutions-d', '(1) Linear Algebra-b', '(2) Linear Algebra-c']
201402032 ['(1) Solve Ax = B-a', '(2) Solve Ax = B-a', 'Simplex: Pivot Theory-c', 'Convexity-c', 'SVM-a', 'KKT-a', 'Knapsack-d', 'Sequence of Basic Feasible Solutions-c', '(1) Linear Algebra-a', '(2) Linear Algebra-b']
2018201079 ['(1) Solve Ax = B-b', '(2) Solve Ax = B-a', 'Simplex: Pivot Theory-b', 'Convexity-d', 'SVM-a', 'KKT-b', 'Knapsack-d', 'Sequence of Basic Feasible Solutions-c', '(1) Linear Algebra-b', '(2) Linear Algebra-c']
2019701007 ['(1) Solve Ax = B-b', '(2) Solve Ax = B-a', 'Simplex: Pivot Theory-a', 'Convexity-a', 'SVM-c', 'KKT-a', 'Knapsack-b', 'Sequence of Basic Feasible Solutions-a', '(1) Linear Algebra-c', '(2) Linear Algebra-a']
2019201049 ['(1) Solve Ax = B-a', '(2) Solve Ax = B-a', 'Simplex: Pivot Theory-a', 'Convexity-a', 'SVM-c', 'KKT-b', 'Knapsack-c', 'Sequence of Basic Feasible Solutions-a', '(1) Linear Algebra-c', '(2) Linear Algebra-a']
2018201008 ['(1) Solve Ax = B-b', '(2) Solve Ax = B-a', 'Simplex: Pivot Theory-d', 'Convexity-b', 'SVM-b', 'KKT-b', 'Knapsack-b', 'Sequence of Basic Feasible Solutions-a', '(1) Linear Algebra-b', '(2) Linear Algebra-a']
20171177 ['(1) Solve Ax = B-b', '(2) Solve Ax = B-a', 'Simplex: Pivot Theory-b', 'Convexity-b', 'SVM-c', 'KKT-a', 'Knapsack-b', 'Sequence of Basic Feasible Solutions-a', '(1) Linear Algebra-a', '(2) Linear Algebra-b']
2018202007 ['(1) Solve Ax = B-a', '(2) Solve Ax = B-a', 'Simplex: Pivot Theory-a', 'Convexity-c', 'SVM-c', 'KKT-a', 'Knapsack-b', 'Sequence of Basic Feasible Solutions-a', '(1) Linear Algebra-a', '(2) Linear Algebra-b']
20161001 ['(1) Solve Ax = B-b', '(2) Solve Ax = B-a', 'Simplex: Pivot Theory-d', 'Convexity-a', 'SVM-a', 'KKT-b', 'Knapsack-a', 'Sequence of Basic Feasible Solutions-c', '(1) Linear Algebra-c', '(2) Linear Algebra-c']
20171077 ['(1) Solve Ax = B-a', '(2) Solve Ax = B-a', 'Simplex: Pivot Theory-d', 'Convexity-c', 'SVM-a', 'KKT-a', 'Knapsack-d', 'Sequence of Basic Feasible Solutions-d', '(1) Linear Algebra-b', '(2) Linear Algebra-a']
20171115 ['(1) Solve Ax = B-a', '(2) Solve Ax = B-a', 'Simplex: Pivot Theory-b', 'Convexity-a', 'SVM-b', 'KKT-a', 'Knapsack-c', 'Sequence of Basic Feasible Solutions-c', '(1) Linear Algebra-c', '(2) Linear Algebra-a']
2019201055 ['(1) Solve Ax = B-b', '(2) Solve Ax = B-a', 'Simplex: Pivot Theory-d', 'Convexity-d', 'SVM-c', 'KKT-b', 'Knapsack-b', 'Sequence of Basic Feasible Solutions-c', '(1) Linear Algebra-c', '(2) Linear Algebra-b']
2019900002 ['(1) Solve Ax = B-b', '(2) Solve Ax = B-a', 'Simplex: Pivot Theory-b', 'Convexity-b', 'SVM-a', 'KKT-b', 'Knapsack-b', 'Sequence of Basic Feasible Solutions-a', '(1) Linear Algebra-b', '(2) Linear Algebra-c']
2018201083 ['(1) Solve Ax = B-a', '(2) Solve Ax = B-a', 'Simplex: Pivot Theory-a', 'Convexity-d', 'SVM-c', 'KKT-b', 'Knapsack-b', 'Sequence of Basic Feasible Solutions-a', '(1) Linear Algebra-c', '(2) Linear Algebra-a']
2019900056 ['(1) Solve Ax = B-b', '(2) Solve Ax = B-a', 'Simplex: Pivot Theory-e', 'Convexity-a', 'SVM-a', 'KKT-a', 'Knapsack-b', 'Sequence of Basic Feasible Solutions-a', '(1) Linear Algebra-c', '(2) Linear Algebra-c']
20171182 ['(1) Solve Ax = B-b', '(2) Solve Ax = B-a', 'Simplex: Pivot Theory-a', 'Convexity-d', 'SVM-b', 'KKT-b', 'Knapsack-b', 'Sequence of Basic Feasible Solutions-d', '(1) Linear Algebra-c', '(2) Linear Algebra-b']
20161158 ['(1) Solve Ax = B-a', '(2) Solve Ax = B-a', 'Simplex: Pivot Theory-c', 'Convexity-c', 'SVM-b', 'KKT-a', 'Knapsack-a', 'Sequence of Basic Feasible Solutions-c', '(1) Linear Algebra-a', '(2) Linear Algebra-a']
20171170 ['(1) Solve Ax = B-b', '(2) Solve Ax = B-a', 'Simplex: Pivot Theory-c', 'Convexity-b', 'SVM-a', 'KKT-b', 'Knapsack-a', 'Sequence of Basic Feasible Solutions-b', '(1) Linear Algebra-a', '(2) Linear Algebra-b']
2019201095 ['(1) Solve Ax = B-b', '(2) Solve Ax = B-a', 'Simplex: Pivot Theory-e', 'Convexity-a', 'SVM-a', 'KKT-a', 'Knapsack-b', 'Sequence of Basic Feasible Solutions-a', '(1) Linear Algebra-b', '(2) Linear Algebra-b']
20171062 ['(1) Solve Ax = B-b', '(2) Solve Ax = B-a', 'Simplex: Pivot Theory-b', 'Convexity-d', 'SVM-c', 'KKT-b', 'Knapsack-c', 'Sequence of Basic Feasible Solutions-c', '(1) Linear Algebra-c', '(2) Linear Algebra-c']
20171196 ['(1) Solve Ax = B-a', '(2) Solve Ax = B-a', 'Simplex: Pivot Theory-d', 'Convexity-a', 'SVM-c', 'KKT-a', 'Knapsack-d', 'Sequence of Basic Feasible Solutions-d', '(1) Linear Algebra-a', '(2) Linear Algebra-c']
2018201025 ['(1) Solve Ax = B-b', '(2) Solve Ax = B-a', 'Simplex: Pivot Theory-c', 'Convexity-c', 'SVM-c', 'KKT-a', 'Knapsack-c', 'Sequence of Basic Feasible Solutions-b', '(1) Linear Algebra-a', '(2) Linear Algebra-c']
2019201096 ['(1) Solve Ax = B-b', '(2) Solve Ax = B-a', 'Simplex: Pivot Theory-c', 'Convexity-c', 'SVM-b', 'KKT-a', 'Knapsack-c', 'Sequence of Basic Feasible Solutions-c', '(1) Linear Algebra-c', '(2) Linear Algebra-c']
2018201044 ['(1) Solve Ax = B-b', '(2) Solve Ax = B-a', 'Simplex: Pivot Theory-e', 'Convexity-c', 'SVM-c', 'KKT-b', 'Knapsack-a', 'Sequence of Basic Feasible Solutions-c', '(1) Linear Algebra-a', '(2) Linear Algebra-c']
2018121001 ['(1) Solve Ax = B-b', '(2) Solve Ax = B-a', 'Simplex: Pivot Theory-b', 'Convexity-d', 'SVM-a', 'KKT-b', 'Knapsack-c', 'Sequence of Basic Feasible Solutions-b', '(1) Linear Algebra-b', '(2) Linear Algebra-c']
2018201053 ['(1) Solve Ax = B-a', '(2) Solve Ax = B-a', 'Simplex: Pivot Theory-e', 'Convexity-c', 'SVM-c', 'KKT-a', 'Knapsack-a', 'Sequence of Basic Feasible Solutions-b', '(1) Linear Algebra-c', '(2) Linear Algebra-a']
2019701022 ['(1) Solve Ax = B-b', '(2) Solve Ax = B-a', 'Simplex: Pivot Theory-b', 'Convexity-b', 'SVM-b', 'KKT-b', 'Knapsack-c', 'Sequence of Basic Feasible Solutions-d', '(1) Linear Algebra-c', '(2) Linear Algebra-a']
2018201035 ['(1) Solve Ax = B-b', '(2) Solve Ax = B-a', 'Simplex: Pivot Theory-d', 'Convexity-b', 'SVM-b', 'KKT-a', 'Knapsack-a', 'Sequence of Basic Feasible Solutions-d', '(1) Linear Algebra-b', '(2) Linear Algebra-b']
2019201077 ['(1) Solve Ax = B-b', '(2) Solve Ax = B-a', 'Simplex: Pivot Theory-e', 'Convexity-b', 'SVM-c', 'KKT-b', 'Knapsack-b', 'Sequence of Basic Feasible Solutions-b', '(1) Linear Algebra-b', '(2) Linear Algebra-b']
2019201057 ['(1) Solve Ax = B-b', '(2) Solve Ax = B-a', 'Simplex: Pivot Theory-c', 'Convexity-d', 'SVM-a', 'KKT-a', 'Knapsack-d', 'Sequence of Basic Feasible Solutions-c', '(1) Linear Algebra-c', '(2) Linear Algebra-b']
20171109 ['(1) Solve Ax = B-b', '(2) Solve Ax = B-a', 'Simplex: Pivot Theory-a', 'Convexity-b', 'SVM-a', 'KKT-a', 'Knapsack-b', 'Sequence of Basic Feasible Solutions-d', '(1) Linear Algebra-a', '(2) Linear Algebra-b']
2018201094 ['(1) Solve Ax = B-b', '(2) Solve Ax = B-a', 'Simplex: Pivot Theory-d', 'Convexity-d', 'SVM-a', 'KKT-b', 'Knapsack-b', 'Sequence of Basic Feasible Solutions-c', '(1) Linear Algebra-a', '(2) Linear Algebra-a']
2019201080 ['(1) Solve Ax = B-a', '(2) Solve Ax = B-a', 'Simplex: Pivot Theory-b', 'Convexity-c', 'SVM-b', 'KKT-a', 'Knapsack-b', 'Sequence of Basic Feasible Solutions-b', '(1) Linear Algebra-a', '(2) Linear Algebra-b']
20171160 ['(1) Solve Ax = B-b', '(2) Solve Ax = B-a', 'Simplex: Pivot Theory-c', 'Convexity-d', 'SVM-c', 'KKT-a', 'Knapsack-a', 'Sequence of Basic Feasible Solutions-a', '(1) Linear Algebra-c', '(2) Linear Algebra-c']
2019900031 ['(1) Solve Ax = B-a', '(2) Solve Ax = B-a', 'Simplex: Pivot Theory-d', 'Convexity-b', 'SVM-a', 'KKT-a', 'Knapsack-d', 'Sequence of Basic Feasible Solutions-b', '(1) Linear Algebra-c', '(2) Linear Algebra-a']
20171093 ['(1) Solve Ax = B-b', '(2) Solve Ax = B-a', 'Simplex: Pivot Theory-b', 'Convexity-a', 'SVM-a', 'KKT-b', 'Knapsack-d', 'Sequence of Basic Feasible Solutions-b', '(1) Linear Algebra-c', '(2) Linear Algebra-c']
20161079 ['(1) Solve Ax = B-a', '(2) Solve Ax = B-a', 'Simplex: Pivot Theory-a', 'Convexity-d', 'SVM-c', 'KKT-b', 'Knapsack-c', 'Sequence of Basic Feasible Solutions-d', '(1) Linear Algebra-b', '(2) Linear Algebra-c']
20171079 ['(1) Solve Ax = B-a', '(2) Solve Ax = B-a', 'Simplex: Pivot Theory-d', 'Convexity-d', 'SVM-a', 'KKT-b', 'Knapsack-b', 'Sequence of Basic Feasible Solutions-d', '(1) Linear Algebra-a', '(2) Linear Algebra-a']
2018202023 ['(1) Solve Ax = B-a', '(2) Solve Ax = B-a', 'Simplex: Pivot Theory-b', 'Convexity-d', 'SVM-b', 'KKT-a', 'Knapsack-c', 'Sequence of Basic Feasible Solutions-d', '(1) Linear Algebra-a', '(2) Linear Algebra-c']
20171088 ['(1) Solve Ax = B-b', '(2) Solve Ax = B-a', 'Simplex: Pivot Theory-a', 'Convexity-d', 'SVM-b', 'KKT-a', 'Knapsack-c', 'Sequence of Basic Feasible Solutions-c', '(1) Linear Algebra-c', '(2) Linear Algebra-c']
20161169 ['(1) Solve Ax = B-b', '(2) Solve Ax = B-a', 'Simplex: Pivot Theory-c', 'Convexity-d', 'SVM-a', 'KKT-b', 'Knapsack-b', 'Sequence of Basic Feasible Solutions-a', '(1) Linear Algebra-c', '(2) Linear Algebra-b']
2018201007 ['(1) Solve Ax = B-a', '(2) Solve Ax = B-a', 'Simplex: Pivot Theory-e', 'Convexity-b', 'SVM-a', 'KKT-b', 'Knapsack-b', 'Sequence of Basic Feasible Solutions-d', '(1) Linear Algebra-c', '(2) Linear Algebra-a']
2018201020 ['(1) Solve Ax = B-a', '(2) Solve Ax = B-a', 'Simplex: Pivot Theory-b', 'Convexity-a', 'SVM-b', 'KKT-a', 'Knapsack-a', 'Sequence of Basic Feasible Solutions-a', '(1) Linear Algebra-b', '(2) Linear Algebra-b']
20161053 ['(1) Solve Ax = B-a', '(2) Solve Ax = B-a', 'Simplex: Pivot Theory-a', 'Convexity-d', 'SVM-c', 'KKT-b', 'Knapsack-c', 'Sequence of Basic Feasible Solutions-b', '(1) Linear Algebra-c', '(2) Linear Algebra-a']
20161069 ['(1) Solve Ax = B-a', '(2) Solve Ax = B-a', 'Simplex: Pivot Theory-b', 'Convexity-a', 'SVM-b', 'KKT-b', 'Knapsack-b', 'Sequence of Basic Feasible Solutions-a', '(1) Linear Algebra-c', '(2) Linear Algebra-a']
20171105 ['(1) Solve Ax = B-b', '(2) Solve Ax = B-a', 'Simplex: Pivot Theory-e', 'Convexity-d', 'SVM-a', 'KKT-a', 'Knapsack-a', 'Sequence of Basic Feasible Solutions-d', '(1) Linear Algebra-a', '(2) Linear Algebra-c']
2018201101 ['(1) Solve Ax = B-a', '(2) Solve Ax = B-a', 'Simplex: Pivot Theory-a', 'Convexity-a', 'SVM-a', 'KKT-b', 'Knapsack-a', 'Sequence of Basic Feasible Solutions-a', '(1) Linear Algebra-c', '(2) Linear Algebra-b']
20171022 ['(1) Solve Ax = B-b', '(2) Solve Ax = B-a', 'Simplex: Pivot Theory-b', 'Convexity-d', 'SVM-b', 'KKT-b', 'Knapsack-b', 'Sequence of Basic Feasible Solutions-a', '(1) Linear Algebra-a', '(2) Linear Algebra-b']
20162155 ['(1) Solve Ax = B-a', '(2) Solve Ax = B-a', 'Simplex: Pivot Theory-b', 'Convexity-d', 'SVM-a', 'KKT-b', 'Knapsack-d', 'Sequence of Basic Feasible Solutions-b', '(1) Linear Algebra-c', '(2) Linear Algebra-b']
20171013 ['(1) Solve Ax = B-b', '(2) Solve Ax = B-a', 'Simplex: Pivot Theory-e', 'Convexity-a', 'SVM-a', 'KKT-b', 'Knapsack-a', 'Sequence of Basic Feasible Solutions-c', '(1) Linear Algebra-c', '(2) Linear Algebra-a']
2019201097 ['(1) Solve Ax = B-a', '(2) Solve Ax = B-a', 'Simplex: Pivot Theory-e', 'Convexity-a', 'SVM-c', 'KKT-b', 'Knapsack-d', 'Sequence of Basic Feasible Solutions-b', '(1) Linear Algebra-c', '(2) Linear Algebra-c']
20171006 ['(1) Solve Ax = B-b', '(2) Solve Ax = B-a', 'Simplex: Pivot Theory-d', 'Convexity-b', 'SVM-c', 'KKT-b', 'Knapsack-a', 'Sequence of Basic Feasible Solutions-c', '(1) Linear Algebra-c', '(2) Linear Algebra-a']
2018121004 ['(1) Solve Ax = B-b', '(2) Solve Ax = B-a', 'Simplex: Pivot Theory-d', 'Convexity-a', 'SVM-a', 'KKT-b', 'Knapsack-a', 'Sequence of Basic Feasible Solutions-c', '(1) Linear Algebra-c', '(2) Linear Algebra-b']
2018801013 ['(1) Solve Ax = B-a', '(2) Solve Ax = B-a', 'Simplex: Pivot Theory-c', 'Convexity-a', 'SVM-b', 'KKT-b', 'Knapsack-d', 'Sequence of Basic Feasible Solutions-a', '(1) Linear Algebra-c', '(2) Linear Algebra-a']
2018201089 ['(1) Solve Ax = B-a', '(2) Solve Ax = B-a', 'Simplex: Pivot Theory-b', 'Convexity-b', 'SVM-a', 'KKT-a', 'Knapsack-c', 'Sequence of Basic Feasible Solutions-c', '(1) Linear Algebra-a', '(2) Linear Algebra-b']
20171191 ['(1) Solve Ax = B-a', '(2) Solve Ax = B-a', 'Simplex: Pivot Theory-a', 'Convexity-a', 'SVM-a', 'KKT-a', 'Knapsack-a', 'Sequence of Basic Feasible Solutions-c', '(1) Linear Algebra-a', '(2) Linear Algebra-a']
20171084 ['(1) Solve Ax = B-b', '(2) Solve Ax = B-a', 'Simplex: Pivot Theory-b', 'Convexity-b', 'SVM-a', 'KKT-b', 'Knapsack-b', 'Sequence of Basic Feasible Solutions-d', '(1) Linear Algebra-b', '(2) Linear Algebra-c']
20171207 ['(1) Solve Ax = B-a', '(2) Solve Ax = B-a', 'Simplex: Pivot Theory-e', 'Convexity-b', 'SVM-a', 'KKT-b', 'Knapsack-a', 'Sequence of Basic Feasible Solutions-d', '(1) Linear Algebra-a', '(2) Linear Algebra-c']
20171123 ['(1) Solve Ax = B-b', '(2) Solve Ax = B-a', 'Simplex: Pivot Theory-a', 'Convexity-d', 'SVM-c', 'KKT-a', 'Knapsack-b', 'Sequence of Basic Feasible Solutions-c', '(1) Linear Algebra-b', '(2) Linear Algebra-a']
2019900016 ['(1) Solve Ax = B-a', '(2) Solve Ax = B-a', 'Simplex: Pivot Theory-d', 'Convexity-c', 'SVM-c', 'KKT-b', 'Knapsack-b', 'Sequence of Basic Feasible Solutions-a', '(1) Linear Algebra-c', '(2) Linear Algebra-a']
20171080 ['(1) Solve Ax = B-b', '(2) Solve Ax = B-a', 'Simplex: Pivot Theory-b', 'Convexity-d', 'SVM-a', 'KKT-a', 'Knapsack-a', 'Sequence of Basic Feasible Solutions-d', '(1) Linear Algebra-a', '(2) Linear Algebra-a']
20171179 ['(1) Solve Ax = B-b', '(2) Solve Ax = B-a', 'Simplex: Pivot Theory-e', 'Convexity-d', 'SVM-c', 'KKT-b', 'Knapsack-a', 'Sequence of Basic Feasible Solutions-b', '(1) Linear Algebra-b', '(2) Linear Algebra-c']
20173071 ['(1) Solve Ax = B-b', '(2) Solve Ax = B-a', 'Simplex: Pivot Theory-c', 'Convexity-d', 'SVM-c', 'KKT-a', 'Knapsack-b', 'Sequence of Basic Feasible Solutions-d', '(1) Linear Algebra-c', '(2) Linear Algebra-b']
2019900085 ['(1) Solve Ax = B-a', '(2) Solve Ax = B-a', 'Simplex: Pivot Theory-a', 'Convexity-a', 'SVM-b', 'KKT-b', 'Knapsack-b', 'Sequence of Basic Feasible Solutions-a', '(1) Linear Algebra-b', '(2) Linear Algebra-c']
20161063 ['(1) Solve Ax = B-a', '(2) Solve Ax = B-a', 'Simplex: Pivot Theory-a', 'Convexity-c', 'SVM-a', 'KKT-a', 'Knapsack-c', 'Sequence of Basic Feasible Solutions-d', '(1) Linear Algebra-a', '(2) Linear Algebra-a']
2019201078 ['(1) Solve Ax = B-b', '(2) Solve Ax = B-a', 'Simplex: Pivot Theory-a', 'Convexity-c', 'SVM-a', 'KKT-a', 'Knapsack-a', 'Sequence of Basic Feasible Solutions-d', '(1) Linear Algebra-b', '(2) Linear Algebra-c']
2018201031 ['(1) Solve Ax = B-b', '(2) Solve Ax = B-a', 'Simplex: Pivot Theory-d', 'Convexity-b', 'SVM-a', 'KKT-b', 'Knapsack-a', 'Sequence of Basic Feasible Solutions-a', '(1) Linear Algebra-b', '(2) Linear Algebra-c']
20171127 ['(1) Solve Ax = B-a', '(2) Solve Ax = B-a', 'Simplex: Pivot Theory-a', 'Convexity-c', 'SVM-b', 'KKT-a', 'Knapsack-b', 'Sequence of Basic Feasible Solutions-a', '(1) Linear Algebra-a', '(2) Linear Algebra-c']
20171051 ['(1) Solve Ax = B-a', '(2) Solve Ax = B-a', 'Simplex: Pivot Theory-e', 'Convexity-d', 'SVM-b', 'KKT-b', 'Knapsack-a', 'Sequence of Basic Feasible Solutions-b', '(1) Linear Algebra-c', '(2) Linear Algebra-a']
2018201100 ['(1) Solve Ax = B-a', '(2) Solve Ax = B-a', 'Simplex: Pivot Theory-b', 'Convexity-c', 'SVM-b', 'KKT-b', 'Knapsack-c', 'Sequence of Basic Feasible Solutions-a', '(1) Linear Algebra-b', '(2) Linear Algebra-a']
2018201084 ['(1) Solve Ax = B-a', '(2) Solve Ax = B-a', 'Simplex: Pivot Theory-c', 'Convexity-a', 'SVM-c', 'KKT-b', 'Knapsack-c', 'Sequence of Basic Feasible Solutions-a', '(1) Linear Algebra-b', '(2) Linear Algebra-a']
20171157 ['(1) Solve Ax = B-b', '(2) Solve Ax = B-a', 'Simplex: Pivot Theory-a', 'Convexity-b', 'SVM-a', 'KKT-a', 'Knapsack-b', 'Sequence of Basic Feasible Solutions-d', '(1) Linear Algebra-a', '(2) Linear Algebra-c']
2019201006 ['(1) Solve Ax = B-b', '(2) Solve Ax = B-a', 'Simplex: Pivot Theory-c', 'Convexity-c', 'SVM-a', 'KKT-a', 'Knapsack-c', 'Sequence of Basic Feasible Solutions-c', '(1) Linear Algebra-b', '(2) Linear Algebra-a']
20171149 ['(1) Solve Ax = B-b', '(2) Solve Ax = B-a', 'Simplex: Pivot Theory-e', 'Convexity-a', 'SVM-a', 'KKT-b', 'Knapsack-c', 'Sequence of Basic Feasible Solutions-d', '(1) Linear Algebra-c', '(2) Linear Algebra-b']
20171012 ['(1) Solve Ax = B-b', '(2) Solve Ax = B-a', 'Simplex: Pivot Theory-c', 'Convexity-b', 'SVM-c', 'KKT-a', 'Knapsack-d', 'Sequence of Basic Feasible Solutions-a', '(1) Linear Algebra-c', '(2) Linear Algebra-a']
2018201090 ['(1) Solve Ax = B-a', '(2) Solve Ax = B-a', 'Simplex: Pivot Theory-c', 'Convexity-c', 'SVM-c', 'KKT-b', 'Knapsack-d', 'Sequence of Basic Feasible Solutions-c', '(1) Linear Algebra-a', '(2) Linear Algebra-a']
20171029 ['(1) Solve Ax = B-b', '(2) Solve Ax = B-a', 'Simplex: Pivot Theory-a', 'Convexity-d', 'SVM-a', 'KKT-b', 'Knapsack-a', 'Sequence of Basic Feasible Solutions-b', '(1) Linear Algebra-a', '(2) Linear Algebra-b']
2018202005 ['(1) Solve Ax = B-a', '(2) Solve Ax = B-a', 'Simplex: Pivot Theory-a', 'Convexity-c', 'SVM-b', 'KKT-b', 'Knapsack-d', 'Sequence of Basic Feasible Solutions-c', '(1) Linear Algebra-c', '(2) Linear Algebra-a']
20171096 ['(1) Solve Ax = B-a', '(2) Solve Ax = B-a', 'Simplex: Pivot Theory-b', 'Convexity-a', 'SVM-a', 'KKT-b', 'Knapsack-c', 'Sequence of Basic Feasible Solutions-c', '(1) Linear Algebra-b', '(2) Linear Algebra-c']
2018201056 ['(1) Solve Ax = B-b', '(2) Solve Ax = B-a', 'Simplex: Pivot Theory-e', 'Convexity-d', 'SVM-a', 'KKT-b', 'Knapsack-a', 'Sequence of Basic Feasible Solutions-b', '(1) Linear Algebra-c', '(2) Linear Algebra-b']
2019201048 ['(1) Solve Ax = B-a', '(2) Solve Ax = B-a', 'Simplex: Pivot Theory-e', 'Convexity-c', 'SVM-c', 'KKT-a', 'Knapsack-c', 'Sequence of Basic Feasible Solutions-d', '(1) Linear Algebra-b', '(2) Linear Algebra-c']
20171203 ['(1) Solve Ax = B-b', '(2) Solve Ax = B-a', 'Simplex: Pivot Theory-e', 'Convexity-c', 'SVM-c', 'KKT-a', 'Knapsack-a', 'Sequence of Basic Feasible Solutions-d', '(1) Linear Algebra-a', '(2) Linear Algebra-c']
20171118 ['(1) Solve Ax = B-b', '(2) Solve Ax = B-a', 'Simplex: Pivot Theory-c', 'Convexity-b', 'SVM-b', 'KKT-b', 'Knapsack-d', 'Sequence of Basic Feasible Solutions-a', '(1) Linear Algebra-c', '(2) Linear Algebra-c']
20171034 ['(1) Solve Ax = B-b', '(2) Solve Ax = B-a', 'Simplex: Pivot Theory-b', 'Convexity-c', 'SVM-a', 'KKT-a', 'Knapsack-c', 'Sequence of Basic Feasible Solutions-c', '(1) Linear Algebra-c', '(2) Linear Algebra-b']
2018201049 ['(1) Solve Ax = B-b', '(2) Solve Ax = B-a', 'Simplex: Pivot Theory-b', 'Convexity-c', 'SVM-a', 'KKT-a', 'Knapsack-c', 'Sequence of Basic Feasible Solutions-c', '(1) Linear Algebra-b', '(2) Linear Algebra-a']
2018201023 ['(1) Solve Ax = B-b', '(2) Solve Ax = B-a', 'Simplex: Pivot Theory-a', 'Convexity-b', 'SVM-c', 'KKT-a', 'Knapsack-b', 'Sequence of Basic Feasible Solutions-d', '(1) Linear Algebra-b', '(2) Linear Algebra-a']
20161070 ['(1) Solve Ax = B-a', '(2) Solve Ax = B-a', 'Simplex: Pivot Theory-a', 'Convexity-b', 'SVM-b', 'KKT-b', 'Knapsack-a', 'Sequence of Basic Feasible Solutions-d', '(1) Linear Algebra-b', '(2) Linear Algebra-c']
20171010 ['(1) Solve Ax = B-a', '(2) Solve Ax = B-a', 'Simplex: Pivot Theory-e', 'Convexity-b', 'SVM-a', 'KKT-a', 'Knapsack-a', 'Sequence of Basic Feasible Solutions-a', '(1) Linear Algebra-b', '(2) Linear Algebra-a']
20161117 ['(1) Solve Ax = B-a', '(2) Solve Ax = B-a', 'Simplex: Pivot Theory-d', 'Convexity-a', 'SVM-a', 'KKT-b', 'Knapsack-d', 'Sequence of Basic Feasible Solutions-a', '(1) Linear Algebra-b', '(2) Linear Algebra-b']
2018201005 ['(1) Solve Ax = B-b', '(2) Solve Ax = B-a', 'Simplex: Pivot Theory-c', 'Convexity-a', 'SVM-a', 'KKT-b', 'Knapsack-c', 'Sequence of Basic Feasible Solutions-b', '(1) Linear Algebra-a', '(2) Linear Algebra-b']
20171046 ['(1) Solve Ax = B-a', '(2) Solve Ax = B-a', 'Simplex: Pivot Theory-b', 'Convexity-d', 'SVM-a', 'KKT-a', 'Knapsack-a', 'Sequence of Basic Feasible Solutions-a', '(1) Linear Algebra-a', '(2) Linear Algebra-c']
2018201012 ['(1) Solve Ax = B-a', '(2) Solve Ax = B-a', 'Simplex: Pivot Theory-e', 'Convexity-c', 'SVM-c', 'KKT-b', 'Knapsack-a', 'Sequence of Basic Feasible Solutions-d', '(1) Linear Algebra-c', '(2) Linear Algebra-a']
2018701002 ['(1) Solve Ax = B-a', '(2) Solve Ax = B-a', 'Simplex: Pivot Theory-b', 'Convexity-b', 'SVM-b', 'KKT-b', 'Knapsack-c', 'Sequence of Basic Feasible Solutions-b', '(1) Linear Algebra-c', '(2) Linear Algebra-b']
20171024 ['(1) Solve Ax = B-a', '(2) Solve Ax = B-a', 'Simplex: Pivot Theory-b', 'Convexity-a', 'SVM-a', 'KKT-a', 'Knapsack-c', 'Sequence of Basic Feasible Solutions-a', '(1) Linear Algebra-a', '(2) Linear Algebra-b']
20171133 ['(1) Solve Ax = B-a', '(2) Solve Ax = B-a', 'Simplex: Pivot Theory-b', 'Convexity-a', 'SVM-b', 'KKT-b', 'Knapsack-a', 'Sequence of Basic Feasible Solutions-b', '(1) Linear Algebra-c', '(2) Linear Algebra-b']
20171036 ['(1) Solve Ax = B-a', '(2) Solve Ax = B-a', 'Simplex: Pivot Theory-b', 'Convexity-d', 'SVM-c', 'KKT-a', 'Knapsack-c', 'Sequence of Basic Feasible Solutions-a', '(1) Linear Algebra-a', '(2) Linear Algebra-b']
20161100 ['(1) Solve Ax = B-a', '(2) Solve Ax = B-a', 'Simplex: Pivot Theory-c', 'Convexity-a', 'SVM-b', 'KKT-b', 'Knapsack-c', 'Sequence of Basic Feasible Solutions-c', '(1) Linear Algebra-b', '(2) Linear Algebra-a']
20171048 ['(1) Solve Ax = B-a', '(2) Solve Ax = B-a', 'Simplex: Pivot Theory-a', 'Convexity-a', 'SVM-b', 'KKT-b', 'Knapsack-d', 'Sequence of Basic Feasible Solutions-b', '(1) Linear Algebra-a', '(2) Linear Algebra-b']
20171007 ['(1) Solve Ax = B-a', '(2) Solve Ax = B-a', 'Simplex: Pivot Theory-e', 'Convexity-b', 'SVM-a', 'KKT-a', 'Knapsack-b', 'Sequence of Basic Feasible Solutions-b', '(1) Linear Algebra-b', '(2) Linear Algebra-b']
2018201039 ['(1) Solve Ax = B-a', '(2) Solve Ax = B-a', 'Simplex: Pivot Theory-d', 'Convexity-a', 'SVM-b', 'KKT-a', 'Knapsack-a', 'Sequence of Basic Feasible Solutions-c', '(1) Linear Algebra-a', '(2) Linear Algebra-a']
20171068 ['(1) Solve Ax = B-b', '(2) Solve Ax = B-a', 'Simplex: Pivot Theory-e', 'Convexity-d', 'SVM-b', 'KKT-b', 'Knapsack-a', 'Sequence of Basic Feasible Solutions-d', '(1) Linear Algebra-b', '(2) Linear Algebra-b']
2018202008 ['(1) Solve Ax = B-b', '(2) Solve Ax = B-a', 'Simplex: Pivot Theory-e', 'Convexity-b', 'SVM-c', 'KKT-b', 'Knapsack-b', 'Sequence of Basic Feasible Solutions-a', '(1) Linear Algebra-a', '(2) Linear Algebra-c']
2018201099 ['(1) Solve Ax = B-a', '(2) Solve Ax = B-a', 'Simplex: Pivot Theory-e', 'Convexity-c', 'SVM-a', 'KKT-b', 'Knapsack-a', 'Sequence of Basic Feasible Solutions-b', '(1) Linear Algebra-a', '(2) Linear Algebra-a']
2019701016 ['(1) Solve Ax = B-a', '(2) Solve Ax = B-a', 'Simplex: Pivot Theory-c', 'Convexity-c', 'SVM-a', 'KKT-a', 'Knapsack-b', 'Sequence of Basic Feasible Solutions-a', '(1) Linear Algebra-c', '(2) Linear Algebra-c']
20171152 ['(1) Solve Ax = B-a', '(2) Solve Ax = B-a', 'Simplex: Pivot Theory-b', 'Convexity-d', 'SVM-c', 'KKT-b', 'Knapsack-b', 'Sequence of Basic Feasible Solutions-a', '(1) Linear Algebra-b', '(2) Linear Algebra-b']
20171015 ['(1) Solve Ax = B-b', '(2) Solve Ax = B-a', 'Simplex: Pivot Theory-d', 'Convexity-c', 'SVM-b', 'KKT-b', 'Knapsack-c', 'Sequence of Basic Feasible Solutions-b', '(1) Linear Algebra-a', '(2) Linear Algebra-b']
20171098 ['(1) Solve Ax = B-a', '(2) Solve Ax = B-a', 'Simplex: Pivot Theory-c', 'Convexity-c', 'SVM-b', 'KKT-a', 'Knapsack-c', 'Sequence of Basic Feasible Solutions-d', '(1) Linear Algebra-b', '(2) Linear Algebra-c']
2018121003 ['(1) Solve Ax = B-a', '(2) Solve Ax = B-a', 'Simplex: Pivot Theory-e', 'Convexity-d', 'SVM-a', 'KKT-b', 'Knapsack-c', 'Sequence of Basic Feasible Solutions-d', '(1) Linear Algebra-a', '(2) Linear Algebra-b']
20171137 ['(1) Solve Ax = B-a', '(2) Solve Ax = B-a', 'Simplex: Pivot Theory-c', 'Convexity-c', 'SVM-c', 'KKT-a', 'Knapsack-b', 'Sequence of Basic Feasible Solutions-d', '(1) Linear Algebra-c', '(2) Linear Algebra-c']
20171197 ['(1) Solve Ax = B-a', '(2) Solve Ax = B-a', 'Simplex: Pivot Theory-b', 'Convexity-d', 'SVM-a', 'KKT-a', 'Knapsack-b', 'Sequence of Basic Feasible Solutions-d', '(1) Linear Algebra-b', '(2) Linear Algebra-b']
20171406 ['(1) Solve Ax = B-a', '(2) Solve Ax = B-a', 'Simplex: Pivot Theory-b', 'Convexity-b', 'SVM-c', 'KKT-b', 'Knapsack-b', 'Sequence of Basic Feasible Solutions-d', '(1) Linear Algebra-b', '(2) Linear Algebra-b']
20171064 ['(1) Solve Ax = B-a', '(2) Solve Ax = B-a', 'Simplex: Pivot Theory-d', 'Convexity-a', 'SVM-b', 'KKT-a', 'Knapsack-b', 'Sequence of Basic Feasible Solutions-b', '(1) Linear Algebra-a', '(2) Linear Algebra-b']
2018201075 ['(1) Solve Ax = B-a', '(2) Solve Ax = B-a', 'Simplex: Pivot Theory-c', 'Convexity-b', 'SVM-b', 'KKT-b', 'Knapsack-d', 'Sequence of Basic Feasible Solutions-c', '(1) Linear Algebra-b', '(2) Linear Algebra-c']
20171052 ['(1) Solve Ax = B-a', '(2) Solve Ax = B-a', 'Simplex: Pivot Theory-e', 'Convexity-b', 'SVM-c', 'KKT-b', 'Knapsack-a', 'Sequence of Basic Feasible Solutions-b', '(1) Linear Algebra-c', '(2) Linear Algebra-a']
2018201047 ['(1) Solve Ax = B-b', '(2) Solve Ax = B-a', 'Simplex: Pivot Theory-c', 'Convexity-c', 'SVM-a', 'KKT-a', 'Knapsack-b', 'Sequence of Basic Feasible Solutions-a', '(1) Linear Algebra-b', '(2) Linear Algebra-c']
20171067 ['(1) Solve Ax = B-a', '(2) Solve Ax = B-a', 'Simplex: Pivot Theory-d', 'Convexity-d', 'SVM-a', 'KKT-b', 'Knapsack-c', 'Sequence of Basic Feasible Solutions-d', '(1) Linear Algebra-b', '(2) Linear Algebra-c']
20171054 ['(1) Solve Ax = B-a', '(2) Solve Ax = B-a', 'Simplex: Pivot Theory-d', 'Convexity-b', 'SVM-c', 'KKT-a', 'Knapsack-b', 'Sequence of Basic Feasible Solutions-c', '(1) Linear Algebra-b', '(2) Linear Algebra-c']
2019701006 ['(1) Solve Ax = B-b', '(2) Solve Ax = B-a', 'Simplex: Pivot Theory-e', 'Convexity-d', 'SVM-a', 'KKT-b', 'Knapsack-c', 'Sequence of Basic Feasible Solutions-a', '(1) Linear Algebra-a', '(2) Linear Algebra-b']
2019201054 ['(1) Solve Ax = B-b', '(2) Solve Ax = B-a', 'Simplex: Pivot Theory-b', 'Convexity-b', 'SVM-a', 'KKT-b', 'Knapsack-b', 'Sequence of Basic Feasible Solutions-c', '(1) Linear Algebra-b', '(2) Linear Algebra-b']
